{
    "GOOGL": {
        "Linear Regression": {
            "mse": 67.67312747384823,
            "r2": 0.9092950676674402
        },
        "Lasso Regression": {
            "mse": 70.20781410511017,
            "r2": 0.9058977283105187
        },
        "Ridge Regression": {
            "mse": 67.68316775137205,
            "r2": 0.9092816102918555
        },
        "SVM Regression": {
            "mse": 3920.8020795595257,
            "r2": -4.2552039574828235
        },
        "Decision Tree": {
            "mse": 1777.3138537143132,
            "r2": -1.3822030819718925
        },
        "XGBoost": {
            "mse": 2247.354511919938,
            "r2": -2.0122169100245277
        },
        "best_model": {
            "name": "Linear Regression",
            "mse": 67.67312747384823,
            "r2": 0.9092950676674402,
            "filename": "models/GOOGL_best_model.pkl"
        }
    },
    "NVDA": {
        "Linear Regression": {
            "mse": 34.35046343598192,
            "r2": 0.5154459108760066
        },
        "Lasso Regression": {
            "mse": 35.2645892243378,
            "r2": 0.5025510808092437
        },
        "Ridge Regression": {
            "mse": 34.35209267876411,
            "r2": 0.5154229284713074
        },
        "SVM Regression": {
            "mse": 2588.7228008324346,
            "r2": -35.51701005692754
        },
        "Decision Tree": {
            "mse": 286.1462839989092,
            "r2": -3.0364332276829895
        },
        "XGBoost": {
            "mse": 284.48862725659274,
            "r2": -3.013050010325519
        },
        "best_model": {
            "name": "Linear Regression",
            "mse": 34.35046343598192,
            "r2": 0.5154459108760066,
            "filename": "models/NVDA_best_model.pkl"
        }
    },
    "C": {
        "Linear Regression": {
            "mse": 4.013229477946983,
            "r2": 0.6421726085725155
        },
        "Lasso Regression": {
            "mse": 3.9714625198271722,
            "r2": 0.6458966322681448
        },
        "Ridge Regression": {
            "mse": 4.010390418113442,
            "r2": 0.6424257447013926
        },
        "SVM Regression": {
            "mse": 528.0138201669299,
            "r2": -46.078745171743066
        },
        "Decision Tree": {
            "mse": 14.77619192905636,
            "r2": -0.31747417940099565
        },
        "XGBoost": {
            "mse": 18.69412650312596,
            "r2": -0.6668048907711464
        },
        "best_model": {
            "name": "Lasso Regression",
            "mse": 3.9714625198271722,
            "r2": 0.6458966322681448,
            "filename": "models/C_best_model.pkl"
        }
    },
    "RELIANCE.NS": {
        "Linear Regression": {
            "mse": 472.7927770159573,
            "r2": 0.6695548301964223
        },
        "Lasso Regression": {
            "mse": 472.44170694980227,
            "r2": 0.6698002007123505
        },
        "Ridge Regression": {
            "mse": 472.79278751217635,
            "r2": 0.6695548228603861
        },
        "SVM Regression": {
            "mse": 966.7295096858115,
            "r2": 0.32433168924770694
        },
        "Decision Tree": {
            "mse": 1485.582866940748,
            "r2": -0.03830622333503375
        },
        "XGBoost": {
            "mse": 1072.528581216126,
            "r2": 0.25038641373493054
        },
        "best_model": {
            "name": "Lasso Regression",
            "mse": 472.44170694980227,
            "r2": 0.6698002007123505,
            "filename": "models/RELIANCE.NS_best_model.pkl"
        }
    },
    "HCLTECH.NS": {
        "Linear Regression": {
            "mse": 709.8637716396854,
            "r2": 0.6031406978397231
        },
        "Lasso Regression": {
            "mse": 708.9437970792865,
            "r2": 0.6036550225265596
        },
        "Ridge Regression": {
            "mse": 709.8635228097876,
            "r2": 0.603140836951569
        },
        "SVM Regression": {
            "mse": 12542.154866450377,
            "r2": -6.011867666366972
        },
        "Decision Tree": {
            "mse": 1684.5869654282121,
            "r2": 0.05820801928812869
        },
        "XGBoost": {
            "mse": 1071.1196453595483,
            "r2": 0.4011755325875134
        },
        "best_model": {
            "name": "Lasso Regression",
            "mse": 708.9437970792865,
            "r2": 0.6036550225265596,
            "filename": "models/HCLTECH.NS_best_model.pkl"
        }
    },
    "TSLA": {
        "Linear Regression": {
            "mse": 247.83173619456736,
            "r2": 0.9183496492243223
        },
        "Lasso Regression": {
            "mse": 247.15982661301751,
            "r2": 0.9185710157606081
        },
        "Ridge Regression": {
            "mse": 247.83097826919825,
            "r2": 0.9183498989295182
        },
        "SVM Regression": {
            "mse": 6624.668010565113,
            "r2": -1.1825552898939398
        },
        "Decision Tree": {
            "mse": 585.7047298961395,
            "r2": 0.8070344122132586
        },
        "XGBoost": {
            "mse": 330.6206999075146,
            "r2": 0.8910740951273681
        },
        "best_model": {
            "name": "Lasso Regression",
            "mse": 247.15982661301751,
            "r2": 0.9185710157606081,
            "filename": "models/TSLA_best_model.pkl"
        }
    }
}